id,url
1,https://picsum.photos/id/1/500/500
2,https://picsum.photos/id/2/500/500
3,https://picsum.photos/id/3/500/500
4,https://picsum.photos/id/4/500/500
5,https://picsum.photos/id/5/500/500
6,https://picsum.photos/id/6/500/500
7,https://picsum.photos/id/7/500/500
8,https://picsum.photos/id/8/500/500
9,https://picsum.photos/id/9/500/500
10,https://picsum.photos/id/10/500/500
11,https://picsum.photos/id/11/500/500
12,https://picsum.photos/id/12/500/500
13,https://picsum.photos/id/13/500/500
14,https://picsum.photos/id/14/500/500
15,https://picsum.photos/id/15/500/500
16,https://picsum.photos/id/16/500/500
17,https://picsum.photos/id/17/500/500
18,https://picsum.photos/id/18/500/500
19,https://picsum.photos/id/19/500/500
20,https://picsum.photos/id/20/500/500
21,https://picsum.photos/id/21/500/500
22,https://picsum.photos/id/22/500/500
23,https://picsum.photos/id/23/500/500
24,https://picsum.photos/id/24/500/500
25,https://picsum.photos/id/25/500/500
26,https://picsum.photos/id/26/500/500
27,https://picsum.photos/id/27/500/500
28,https://picsum.photos/id/28/500/500
29,https://picsum.photos/id/29/500/500
30,https://picsum.photos/id/30/500/500
31,https://picsum.photos/id/31/500/500
32,https://picsum.photos/id/32/500/500
33,https://picsum.photos/id/33/500/500
34,https://picsum.photos/id/34/500/500
35,https://picsum.photos/id/35/500/500
36,https://picsum.photos/id/36/500/500
37,https://picsum.photos/id/37/500/500
38,https://picsum.photos/id/38/500/500
39,https://picsum.photos/id/39/500/500
40,https://picsum.photos/id/40/500/500
41,https://picsum.photos/id/41/500/500
42,https://picsum.photos/id/42/500/500
43,https://picsum.photos/id/43/500/500
44,https://picsum.photos/id/44/500/500
45,https://picsum.photos/id/45/500/500
46,https://picsum.photos/id/46/500/500
47,https://picsum.photos/id/47/500/500
48,https://picsum.photos/id/48/500/500
49,https://picsum.photos/id/49/500/500
50,https://picsum.photos/id/50/500/500
51,https://picsum.photos/id/51/500/500
52,https://picsum.photos/id/52/500/500
53,https://picsum.photos/id/53/500/500
54,https://picsum.photos/id/54/500/500
55,https://picsum.photos/id/55/500/500
56,https://picsum.photos/id/56/500/500
57,https://picsum.photos/id/57/500/500
58,https://picsum.photos/id/58/500/500
59,https://picsum.photos/id/59/500/500
60,https://picsum.photos/id/60/500/500
61,https://picsum.photos/id/61/500/500
62,https://picsum.photos/id/62/500/500
63,https://picsum.photos/id/63/500/500
64,https://picsum.photos/id/64/500/500
65,https://picsum.photos/id/65/500/500
66,https://picsum.photos/id/66/500/500
67,https://picsum.photos/id/67/500/500
68,https://picsum.photos/id/68/500/500
69,https://picsum.photos/id/69/500/500
70,https://picsum.photos/id/70/500/500
71,https://picsum.photos/id/71/500/500
72,https://picsum.photos/id/72/500/500
73,https://picsum.photos/id/73/500/500
74,https://picsum.photos/id/74/500/500
75,https://picsum.photos/id/75/500/500
76,https://picsum.photos/id/76/500/500
77,https://picsum.photos/id/77/500/500
78,https://picsum.photos/id/78/500/500
79,https://picsum.photos/id/79/500/500
80,https://picsum.photos/id/80/500/500
81,https://picsum.photos/id/81/500/500
82,https://picsum.photos/id/82/500/500
83,https://picsum.photos/id/83/500/500
84,https://picsum.photos/id/84/500/500
85,https://picsum.photos/id/85/500/500
86,https://picsum.photos/id/86/500/500
87,https://picsum.photos/id/87/500/500
88,https://picsum.photos/id/88/500/500
89,https://picsum.photos/id/89/500/500
90,https://picsum.photos/id/90/500/500
91,https://picsum.photos/id/91/500/500
92,https://picsum.photos/id/92/500/500
93,https://picsum.photos/id/93/500/500
94,https://picsum.photos/id/94/500/500
95,https://picsum.photos/id/95/500/500
96,https://picsum.photos/id/96/500/500
97,https://picsum.photos/id/97/500/500
98,https://picsum.photos/id/98/500/500
99,https://picsum.photos/id/99/500/500
100,https://picsum.photos/id/100/500/500
101,https://picsum.photos/id/101/500/500
102,https://picsum.photos/id/102/500/500
103,https://picsum.photos/id/103/500/500
104,https://picsum.photos/id/104/500/500
105,https://picsum.photos/id/105/500/500
106,https://picsum.photos/id/106/500/500
107,https://picsum.photos/id/107/500/500
108,https://picsum.photos/id/108/500/500
109,https://picsum.photos/id/109/500/500
110,https://picsum.photos/id/110/500/500
111,https://picsum.photos/id/111/500/500
112,https://picsum.photos/id/112/500/500
113,https://picsum.photos/id/113/500/500
114,https://picsum.photos/id/114/500/500
115,https://picsum.photos/id/115/500/500
116,https://picsum.photos/id/116/500/500
117,https://picsum.photos/id/117/500/500
118,https://picsum.photos/id/118/500/500
119,https://picsum.photos/id/119/500/500
120,https://picsum.photos/id/120/500/500
121,https://picsum.photos/id/121/500/500
122,https://picsum.photos/id/122/500/500
123,https://picsum.photos/id/123/500/500
124,https://picsum.photos/id/124/500/500
125,https://picsum.photos/id/125/500/500
126,https://picsum.photos/id/126/500/500
127,https://picsum.photos/id/127/500/500
128,https://picsum.photos/id/128/500/500
129,https://picsum.photos/id/129/500/500
130,https://picsum.photos/id/130/500/500
131,https://picsum.photos/id/131/500/500
132,https://picsum.photos/id/132/500/500
133,https://picsum.photos/id/133/500/500
134,https://picsum.photos/id/134/500/500
135,https://picsum.photos/id/135/500/500
136,https://picsum.photos/id/136/500/500
137,https://picsum.photos/id/137/500/500
138,https://picsum.photos/id/138/500/500
139,https://picsum.photos/id/139/500/500
140,https://picsum.photos/id/140/500/500
141,https://picsum.photos/id/141/500/500
142,https://picsum.photos/id/142/500/500
143,https://picsum.photos/id/143/500/500
144,https://picsum.photos/id/144/500/500
145,https://picsum.photos/id/145/500/500
146,https://picsum.photos/id/146/500/500
147,https://picsum.photos/id/147/500/500
148,https://picsum.photos/id/148/500/500
149,https://picsum.photos/id/149/500/500
150,https://picsum.photos/id/150/500/500
151,https://picsum.photos/id/151/500/500
152,https://picsum.photos/id/152/500/500
153,https://picsum.photos/id/153/500/500
154,https://picsum.photos/id/154/500/500
155,https://picsum.photos/id/155/500/500
156,https://picsum.photos/id/156/500/500
157,https://picsum.photos/id/157/500/500
158,https://picsum.photos/id/158/500/500
159,https://picsum.photos/id/159/500/500
160,https://picsum.photos/id/160/500/500
161,https://picsum.photos/id/161/500/500
162,https://picsum.photos/id/162/500/500
163,https://picsum.photos/id/163/500/500
164,https://picsum.photos/id/164/500/500
165,https://picsum.photos/id/165/500/500
166,https://picsum.photos/id/166/500/500
167,https://picsum.photos/id/167/500/500
168,https://picsum.photos/id/168/500/500
169,https://picsum.photos/id/169/500/500
170,https://picsum.photos/id/170/500/500
171,https://picsum.photos/id/171/500/500
172,https://picsum.photos/id/172/500/500
173,https://picsum.photos/id/173/500/500
174,https://picsum.photos/id/174/500/500
175,https://picsum.photos/id/175/500/500
176,https://picsum.photos/id/176/500/500
177,https://picsum.photos/id/177/500/500
178,https://picsum.photos/id/178/500/500
179,https://picsum.photos/id/179/500/500
180,https://picsum.photos/id/180/500/500
181,https://picsum.photos/id/181/500/500
182,https://picsum.photos/id/182/500/500
183,https://picsum.photos/id/183/500/500
184,https://picsum.photos/id/184/500/500
185,https://picsum.photos/id/185/500/500
186,https://picsum.photos/id/186/500/500
187,https://picsum.photos/id/187/500/500
188,https://picsum.photos/id/188/500/500
189,https://picsum.photos/id/189/500/500
190,https://picsum.photos/id/190/500/500
191,https://picsum.photos/id/191/500/500
192,https://picsum.photos/id/192/500/500
193,https://picsum.photos/id/193/500/500
194,https://picsum.photos/id/194/500/500
195,https://picsum.photos/id/195/500/500
196,https://picsum.photos/id/196/500/500
197,https://picsum.photos/id/197/500/500
198,https://picsum.photos/id/198/500/500
199,https://picsum.photos/id/199/500/500
200,https://picsum.photos/id/200/500/500
201,https://picsum.photos/id/201/500/500
202,https://picsum.photos/id/202/500/500
203,https://picsum.photos/id/203/500/500
204,https://picsum.photos/id/204/500/500
205,https://picsum.photos/id/205/500/500
206,https://picsum.photos/id/206/500/500
207,https://picsum.photos/id/207/500/500
208,https://picsum.photos/id/208/500/500
209,https://picsum.photos/id/209/500/500
210,https://picsum.photos/id/210/500/500
211,https://picsum.photos/id/211/500/500
212,https://picsum.photos/id/212/500/500
213,https://picsum.photos/id/213/500/500
214,https://picsum.photos/id/214/500/500
215,https://picsum.photos/id/215/500/500
216,https://picsum.photos/id/216/500/500
217,https://picsum.photos/id/217/500/500
218,https://picsum.photos/id/218/500/500
219,https://picsum.photos/id/219/500/500
220,https://picsum.photos/id/220/500/500
221,https://picsum.photos/id/221/500/500
222,https://picsum.photos/id/222/500/500
223,https://picsum.photos/id/223/500/500
224,https://picsum.photos/id/224/500/500
225,https://picsum.photos/id/225/500/500
226,https://picsum.photos/id/226/500/500
227,https://picsum.photos/id/227/500/500
228,https://picsum.photos/id/228/500/500
229,https://picsum.photos/id/229/500/500
230,https://picsum.photos/id/230/500/500
231,https://picsum.photos/id/231/500/500
232,https://picsum.photos/id/232/500/500
233,https://picsum.photos/id/233/500/500
234,https://picsum.photos/id/234/500/500
235,https://picsum.photos/id/235/500/500
236,https://picsum.photos/id/236/500/500
237,https://picsum.photos/id/237/500/500
238,https://picsum.photos/id/238/500/500
239,https://picsum.photos/id/239/500/500
240,https://picsum.photos/id/240/500/500
241,https://picsum.photos/id/241/500/500
242,https://picsum.photos/id/242/500/500
243,https://picsum.photos/id/243/500/500
244,https://picsum.photos/id/244/500/500
245,https://picsum.photos/id/245/500/500
246,https://picsum.photos/id/246/500/500
247,https://picsum.photos/id/247/500/500
248,https://picsum.photos/id/248/500/500
249,https://picsum.photos/id/249/500/500
250,https://picsum.photos/id/250/500/500
251,https://picsum.photos/id/251/500/500
252,https://picsum.photos/id/252/500/500
253,https://picsum.photos/id/253/500/500
254,https://picsum.photos/id/254/500/500
255,https://picsum.photos/id/255/500/500
256,https://picsum.photos/id/256/500/500
257,https://picsum.photos/id/257/500/500
258,https://picsum.photos/id/258/500/500
259,https://picsum.photos/id/259/500/500
260,https://picsum.photos/id/260/500/500
261,https://picsum.photos/id/261/500/500
262,https://picsum.photos/id/262/500/500
263,https://picsum.photos/id/263/500/500
264,https://picsum.photos/id/264/500/500
265,https://picsum.photos/id/265/500/500
266,https://picsum.photos/id/266/500/500
267,https://picsum.photos/id/267/500/500
268,https://picsum.photos/id/268/500/500
269,https://picsum.photos/id/269/500/500
270,https://picsum.photos/id/270/500/500
271,https://picsum.photos/id/271/500/500
272,https://picsum.photos/id/272/500/500
273,https://picsum.photos/id/273/500/500
274,https://picsum.photos/id/274/500/500
275,https://picsum.photos/id/275/500/500
276,https://picsum.photos/id/276/500/500
277,https://picsum.photos/id/277/500/500
278,https://picsum.photos/id/278/500/500
279,https://picsum.photos/id/279/500/500
280,https://picsum.photos/id/280/500/500
281,https://picsum.photos/id/281/500/500
282,https://picsum.photos/id/282/500/500
283,https://picsum.photos/id/283/500/500
284,https://picsum.photos/id/284/500/500
285,https://picsum.photos/id/285/500/500
286,https://picsum.photos/id/286/500/500
287,https://picsum.photos/id/287/500/500
288,https://picsum.photos/id/288/500/500
289,https://picsum.photos/id/289/500/500
290,https://picsum.photos/id/290/500/500
291,https://picsum.photos/id/291/500/500
292,https://picsum.photos/id/292/500/500
293,https://picsum.photos/id/293/500/500
294,https://picsum.photos/id/294/500/500
295,https://picsum.photos/id/295/500/500
296,https://picsum.photos/id/296/500/500
297,https://picsum.photos/id/297/500/500
298,https://picsum.photos/id/298/500/500
299,https://picsum.photos/id/299/500/500
300,https://picsum.photos/id/300/500/500
301,https://picsum.photos/id/301/500/500
302,https://picsum.photos/id/302/500/500
303,https://picsum.photos/id/303/500/500
304,https://picsum.photos/id/304/500/500
305,https://picsum.photos/id/305/500/500
306,https://picsum.photos/id/306/500/500
307,https://picsum.photos/id/307/500/500
308,https://picsum.photos/id/308/500/500
309,https://picsum.photos/id/309/500/500
310,https://picsum.photos/id/310/500/500
311,https://picsum.photos/id/311/500/500
312,https://picsum.photos/id/312/500/500
313,https://picsum.photos/id/313/500/500
314,https://picsum.photos/id/314/500/500
315,https://picsum.photos/id/315/500/500
316,https://picsum.photos/id/316/500/500
317,https://picsum.photos/id/317/500/500
318,https://picsum.photos/id/318/500/500
319,https://picsum.photos/id/319/500/500
320,https://picsum.photos/id/320/500/500
321,https://picsum.photos/id/321/500/500
322,https://picsum.photos/id/322/500/500
323,https://picsum.photos/id/323/500/500
324,https://picsum.photos/id/324/500/500
325,https://picsum.photos/id/325/500/500
326,https://picsum.photos/id/326/500/500
327,https://picsum.photos/id/327/500/500
328,https://picsum.photos/id/328/500/500
329,https://picsum.photos/id/329/500/500
330,https://picsum.photos/id/330/500/500
331,https://picsum.photos/id/331/500/500
332,https://picsum.photos/id/332/500/500
333,https://picsum.photos/id/333/500/500
334,https://picsum.photos/id/334/500/500
335,https://picsum.photos/id/335/500/500
336,https://picsum.photos/id/336/500/500
337,https://picsum.photos/id/337/500/500
338,https://picsum.photos/id/338/500/500
339,https://picsum.photos/id/339/500/500
340,https://picsum.photos/id/340/500/500
341,https://picsum.photos/id/341/500/500
342,https://picsum.photos/id/342/500/500
343,https://picsum.photos/id/343/500/500
344,https://picsum.photos/id/344/500/500
345,https://picsum.photos/id/345/500/500
346,https://picsum.photos/id/346/500/500
347,https://picsum.photos/id/347/500/500
348,https://picsum.photos/id/348/500/500
349,https://picsum.photos/id/349/500/500
350,https://picsum.photos/id/350/500/500
351,https://picsum.photos/id/351/500/500
352,https://picsum.photos/id/352/500/500
353,https://picsum.photos/id/353/500/500
354,https://picsum.photos/id/354/500/500
355,https://picsum.photos/id/355/500/500
356,https://picsum.photos/id/356/500/500
357,https://picsum.photos/id/357/500/500
358,https://picsum.photos/id/358/500/500
359,https://picsum.photos/id/359/500/500
360,https://picsum.photos/id/360/500/500
361,https://picsum.photos/id/361/500/500
362,https://picsum.photos/id/362/500/500
363,https://picsum.photos/id/363/500/500
364,https://picsum.photos/id/364/500/500
365,https://picsum.photos/id/365/500/500
366,https://picsum.photos/id/366/500/500
367,https://picsum.photos/id/367/500/500
368,https://picsum.photos/id/368/500/500
369,https://picsum.photos/id/369/500/500
370,https://picsum.photos/id/370/500/500
371,https://picsum.photos/id/371/500/500
372,https://picsum.photos/id/372/500/500
373,https://picsum.photos/id/373/500/500
374,https://picsum.photos/id/374/500/500
375,https://picsum.photos/id/375/500/500
376,https://picsum.photos/id/376/500/500
377,https://picsum.photos/id/377/500/500
378,https://picsum.photos/id/378/500/500
379,https://picsum.photos/id/379/500/500
380,https://picsum.photos/id/380/500/500
381,https://picsum.photos/id/381/500/500
382,https://picsum.photos/id/382/500/500
383,https://picsum.photos/id/383/500/500
384,https://picsum.photos/id/384/500/500
385,https://picsum.photos/id/385/500/500
386,https://picsum.photos/id/386/500/500
387,https://picsum.photos/id/387/500/500
388,https://picsum.photos/id/388/500/500
389,https://picsum.photos/id/389/500/500
390,https://picsum.photos/id/390/500/500
391,https://picsum.photos/id/391/500/500
392,https://picsum.photos/id/392/500/500
393,https://picsum.photos/id/393/500/500
394,https://picsum.photos/id/394/500/500
395,https://picsum.photos/id/395/500/500
396,https://picsum.photos/id/396/500/500
397,https://picsum.photos/id/397/500/500
398,https://picsum.photos/id/398/500/500
399,https://picsum.photos/id/399/500/500
400,https://picsum.photos/id/400/500/500
401,https://picsum.photos/id/401/500/500
402,https://picsum.photos/id/402/500/500
403,https://picsum.photos/id/403/500/500
404,https://picsum.photos/id/404/500/500
405,https://picsum.photos/id/405/500/500
406,https://picsum.photos/id/406/500/500
407,https://picsum.photos/id/407/500/500
408,https://picsum.photos/id/408/500/500
409,https://picsum.photos/id/409/500/500
410,https://picsum.photos/id/410/500/500
411,https://picsum.photos/id/411/500/500
412,https://picsum.photos/id/412/500/500
413,https://picsum.photos/id/413/500/500
414,https://picsum.photos/id/414/500/500
415,https://picsum.photos/id/415/500/500
416,https://picsum.photos/id/416/500/500
417,https://picsum.photos/id/417/500/500
418,https://picsum.photos/id/418/500/500
419,https://picsum.photos/id/419/500/500
420,https://picsum.photos/id/420/500/500
421,https://picsum.photos/id/421/500/500
422,https://picsum.photos/id/422/500/500
423,https://picsum.photos/id/423/500/500
424,https://picsum.photos/id/424/500/500
425,https://picsum.photos/id/425/500/500
426,https://picsum.photos/id/426/500/500
427,https://picsum.photos/id/427/500/500
428,https://picsum.photos/id/428/500/500
429,https://picsum.photos/id/429/500/500
430,https://picsum.photos/id/430/500/500
431,https://picsum.photos/id/431/500/500
432,https://picsum.photos/id/432/500/500
433,https://picsum.photos/id/433/500/500
434,https://picsum.photos/id/434/500/500
435,https://picsum.photos/id/435/500/500
436,https://picsum.photos/id/436/500/500
437,https://picsum.photos/id/437/500/500
438,https://picsum.photos/id/438/500/500
439,https://picsum.photos/id/439/500/500
440,https://picsum.photos/id/440/500/500
441,https://picsum.photos/id/441/500/500
442,https://picsum.photos/id/442/500/500
443,https://picsum.photos/id/443/500/500
444,https://picsum.photos/id/444/500/500
445,https://picsum.photos/id/445/500/500
446,https://picsum.photos/id/446/500/500
447,https://picsum.photos/id/447/500/500
448,https://picsum.photos/id/448/500/500
449,https://picsum.photos/id/449/500/500
450,https://picsum.photos/id/450/500/500
451,https://picsum.photos/id/451/500/500
452,https://picsum.photos/id/452/500/500
453,https://picsum.photos/id/453/500/500
454,https://picsum.photos/id/454/500/500
455,https://picsum.photos/id/455/500/500
456,https://picsum.photos/id/456/500/500
457,https://picsum.photos/id/457/500/500
458,https://picsum.photos/id/458/500/500
459,https://picsum.photos/id/459/500/500
460,https://picsum.photos/id/460/500/500
461,https://picsum.photos/id/461/500/500
462,https://picsum.photos/id/462/500/500
463,https://picsum.photos/id/463/500/500
464,https://picsum.photos/id/464/500/500
465,https://picsum.photos/id/465/500/500
466,https://picsum.photos/id/466/500/500
467,https://picsum.photos/id/467/500/500
468,https://picsum.photos/id/468/500/500
469,https://picsum.photos/id/469/500/500
470,https://picsum.photos/id/470/500/500
471,https://picsum.photos/id/471/500/500
472,https://picsum.photos/id/472/500/500
473,https://picsum.photos/id/473/500/500
474,https://picsum.photos/id/474/500/500
475,https://picsum.photos/id/475/500/500
476,https://picsum.photos/id/476/500/500
477,https://picsum.photos/id/477/500/500
478,https://picsum.photos/id/478/500/500
479,https://picsum.photos/id/479/500/500
480,https://picsum.photos/id/480/500/500
481,https://picsum.photos/id/481/500/500
482,https://picsum.photos/id/482/500/500
483,https://picsum.photos/id/483/500/500
484,https://picsum.photos/id/484/500/500
485,https://picsum.photos/id/485/500/500
486,https://picsum.photos/id/486/500/500
487,https://picsum.photos/id/487/500/500
488,https://picsum.photos/id/488/500/500
489,https://picsum.photos/id/489/500/500
490,https://picsum.photos/id/490/500/500
491,https://picsum.photos/id/491/500/500
492,https://picsum.photos/id/492/500/500
493,https://picsum.photos/id/493/500/500
494,https://picsum.photos/id/494/500/500
495,https://picsum.photos/id/495/500/500
496,https://picsum.photos/id/496/500/500
497,https://picsum.photos/id/497/500/500
498,https://picsum.photos/id/498/500/500
499,https://picsum.photos/id/499/500/500
500,https://picsum.photos/id/500/500/500
501,https://picsum.photos/id/501/500/500
502,https://picsum.photos/id/502/500/500
503,https://picsum.photos/id/503/500/500
504,https://picsum.photos/id/504/500/500
505,https://picsum.photos/id/505/500/500
506,https://picsum.photos/id/506/500/500
507,https://picsum.photos/id/507/500/500
508,https://picsum.photos/id/508/500/500
509,https://picsum.photos/id/509/500/500
510,https://picsum.photos/id/510/500/500
511,https://picsum.photos/id/511/500/500
512,https://picsum.photos/id/512/500/500
513,https://picsum.photos/id/513/500/500
514,https://picsum.photos/id/514/500/500
515,https://picsum.photos/id/515/500/500
516,https://picsum.photos/id/516/500/500
517,https://picsum.photos/id/517/500/500
518,https://picsum.photos/id/518/500/500
519,https://picsum.photos/id/519/500/500
520,https://picsum.photos/id/520/500/500
521,https://picsum.photos/id/521/500/500
522,https://picsum.photos/id/522/500/500
523,https://picsum.photos/id/523/500/500
524,https://picsum.photos/id/524/500/500
525,https://picsum.photos/id/525/500/500
526,https://picsum.photos/id/526/500/500
527,https://picsum.photos/id/527/500/500
528,https://picsum.photos/id/528/500/500
529,https://picsum.photos/id/529/500/500
530,https://picsum.photos/id/530/500/500
531,https://picsum.photos/id/531/500/500
532,https://picsum.photos/id/532/500/500
533,https://picsum.photos/id/533/500/500
534,https://picsum.photos/id/534/500/500
535,https://picsum.photos/id/535/500/500
536,https://picsum.photos/id/536/500/500
537,https://picsum.photos/id/537/500/500
538,https://picsum.photos/id/538/500/500
539,https://picsum.photos/id/539/500/500
540,https://picsum.photos/id/540/500/500
541,https://picsum.photos/id/541/500/500
542,https://picsum.photos/id/542/500/500
543,https://picsum.photos/id/543/500/500
544,https://picsum.photos/id/544/500/500
545,https://picsum.photos/id/545/500/500
546,https://picsum.photos/id/546/500/500
547,https://picsum.photos/id/547/500/500
548,https://picsum.photos/id/548/500/500
549,https://picsum.photos/id/549/500/500
550,https://picsum.photos/id/550/500/500
551,https://picsum.photos/id/551/500/500
552,https://picsum.photos/id/552/500/500
553,https://picsum.photos/id/553/500/500
554,https://picsum.photos/id/554/500/500
555,https://picsum.photos/id/555/500/500
556,https://picsum.photos/id/556/500/500
557,https://picsum.photos/id/557/500/500
558,https://picsum.photos/id/558/500/500
559,https://picsum.photos/id/559/500/500
560,https://picsum.photos/id/560/500/500
561,https://picsum.photos/id/561/500/500
562,https://picsum.photos/id/562/500/500
563,https://picsum.photos/id/563/500/500
564,https://picsum.photos/id/564/500/500
565,https://picsum.photos/id/565/500/500
566,https://picsum.photos/id/566/500/500
567,https://picsum.photos/id/567/500/500
568,https://picsum.photos/id/568/500/500
569,https://picsum.photos/id/569/500/500
570,https://picsum.photos/id/570/500/500
571,https://picsum.photos/id/571/500/500
572,https://picsum.photos/id/572/500/500
573,https://picsum.photos/id/573/500/500
574,https://picsum.photos/id/574/500/500
575,https://picsum.photos/id/575/500/500
576,https://picsum.photos/id/576/500/500
577,https://picsum.photos/id/577/500/500
578,https://picsum.photos/id/578/500/500
579,https://picsum.photos/id/579/500/500
580,https://picsum.photos/id/580/500/500
581,https://picsum.photos/id/581/500/500
582,https://picsum.photos/id/582/500/500
583,https://picsum.photos/id/583/500/500
584,https://picsum.photos/id/584/500/500
585,https://picsum.photos/id/585/500/500
586,https://picsum.photos/id/586/500/500
587,https://picsum.photos/id/587/500/500
588,https://picsum.photos/id/588/500/500
589,https://picsum.photos/id/589/500/500
590,https://picsum.photos/id/590/500/500
591,https://picsum.photos/id/591/500/500
592,https://picsum.photos/id/592/500/500
593,https://picsum.photos/id/593/500/500
594,https://picsum.photos/id/594/500/500
595,https://picsum.photos/id/595/500/500
596,https://picsum.photos/id/596/500/500
597,https://picsum.photos/id/597/500/500
598,https://picsum.photos/id/598/500/500
599,https://picsum.photos/id/599/500/500
600,https://picsum.photos/id/600/500/500
601,https://picsum.photos/id/601/500/500
602,https://picsum.photos/id/602/500/500
603,https://picsum.photos/id/603/500/500
604,https://picsum.photos/id/604/500/500
605,https://picsum.photos/id/605/500/500
606,https://picsum.photos/id/606/500/500
607,https://picsum.photos/id/607/500/500
608,https://picsum.photos/id/608/500/500
609,https://picsum.photos/id/609/500/500
610,https://picsum.photos/id/610/500/500
611,https://picsum.photos/id/611/500/500
612,https://picsum.photos/id/612/500/500
613,https://picsum.photos/id/613/500/500
614,https://picsum.photos/id/614/500/500
615,https://picsum.photos/id/615/500/500
616,https://picsum.photos/id/616/500/500
617,https://picsum.photos/id/617/500/500
618,https://picsum.photos/id/618/500/500
619,https://picsum.photos/id/619/500/500
620,https://picsum.photos/id/620/500/500
621,https://picsum.photos/id/621/500/500
622,https://picsum.photos/id/622/500/500
623,https://picsum.photos/id/623/500/500
624,https://picsum.photos/id/624/500/500
625,https://picsum.photos/id/625/500/500
626,https://picsum.photos/id/626/500/500
627,https://picsum.photos/id/627/500/500
628,https://picsum.photos/id/628/500/500
629,https://picsum.photos/id/629/500/500
630,https://picsum.photos/id/630/500/500
631,https://picsum.photos/id/631/500/500
632,https://picsum.photos/id/632/500/500
633,https://picsum.photos/id/633/500/500
634,https://picsum.photos/id/634/500/500
635,https://picsum.photos/id/635/500/500
636,https://picsum.photos/id/636/500/500
637,https://picsum.photos/id/637/500/500
638,https://picsum.photos/id/638/500/500
639,https://picsum.photos/id/639/500/500
640,https://picsum.photos/id/640/500/500
641,https://picsum.photos/id/641/500/500
642,https://picsum.photos/id/642/500/500
643,https://picsum.photos/id/643/500/500
644,https://picsum.photos/id/644/500/500
645,https://picsum.photos/id/645/500/500
646,https://picsum.photos/id/646/500/500
647,https://picsum.photos/id/647/500/500
648,https://picsum.photos/id/648/500/500
649,https://picsum.photos/id/649/500/500
650,https://picsum.photos/id/650/500/500
651,https://picsum.photos/id/651/500/500
652,https://picsum.photos/id/652/500/500
653,https://picsum.photos/id/653/500/500
654,https://picsum.photos/id/654/500/500
655,https://picsum.photos/id/655/500/500
656,https://picsum.photos/id/656/500/500
657,https://picsum.photos/id/657/500/500
658,https://picsum.photos/id/658/500/500
659,https://picsum.photos/id/659/500/500
660,https://picsum.photos/id/660/500/500
661,https://picsum.photos/id/661/500/500
662,https://picsum.photos/id/662/500/500
663,https://picsum.photos/id/663/500/500
664,https://picsum.photos/id/664/500/500
665,https://picsum.photos/id/665/500/500
666,https://picsum.photos/id/666/500/500
667,https://picsum.photos/id/667/500/500
668,https://picsum.photos/id/668/500/500
669,https://picsum.photos/id/669/500/500
670,https://picsum.photos/id/670/500/500
671,https://picsum.photos/id/671/500/500
672,https://picsum.photos/id/672/500/500
673,https://picsum.photos/id/673/500/500
674,https://picsum.photos/id/674/500/500
675,https://picsum.photos/id/675/500/500
676,https://picsum.photos/id/676/500/500
677,https://picsum.photos/id/677/500/500
678,https://picsum.photos/id/678/500/500
679,https://picsum.photos/id/679/500/500
680,https://picsum.photos/id/680/500/500
681,https://picsum.photos/id/681/500/500
682,https://picsum.photos/id/682/500/500
683,https://picsum.photos/id/683/500/500
684,https://picsum.photos/id/684/500/500
685,https://picsum.photos/id/685/500/500
686,https://picsum.photos/id/686/500/500
687,https://picsum.photos/id/687/500/500
688,https://picsum.photos/id/688/500/500
689,https://picsum.photos/id/689/500/500
690,https://picsum.photos/id/690/500/500
691,https://picsum.photos/id/691/500/500
692,https://picsum.photos/id/692/500/500
693,https://picsum.photos/id/693/500/500
694,https://picsum.photos/id/694/500/500
695,https://picsum.photos/id/695/500/500
696,https://picsum.photos/id/696/500/500
697,https://picsum.photos/id/697/500/500
698,https://picsum.photos/id/698/500/500
699,https://picsum.photos/id/699/500/500
700,https://picsum.photos/id/700/500/500
701,https://picsum.photos/id/701/500/500
702,https://picsum.photos/id/702/500/500
703,https://picsum.photos/id/703/500/500
704,https://picsum.photos/id/704/500/500
705,https://picsum.photos/id/705/500/500
706,https://picsum.photos/id/706/500/500
707,https://picsum.photos/id/707/500/500
708,https://picsum.photos/id/708/500/500
709,https://picsum.photos/id/709/500/500
710,https://picsum.photos/id/710/500/500
711,https://picsum.photos/id/711/500/500
712,https://picsum.photos/id/712/500/500
713,https://picsum.photos/id/713/500/500
714,https://picsum.photos/id/714/500/500
715,https://picsum.photos/id/715/500/500
716,https://picsum.photos/id/716/500/500
717,https://picsum.photos/id/717/500/500
718,https://picsum.photos/id/718/500/500
719,https://picsum.photos/id/719/500/500
720,https://picsum.photos/id/720/500/500
721,https://picsum.photos/id/721/500/500
722,https://picsum.photos/id/722/500/500
723,https://picsum.photos/id/723/500/500
724,https://picsum.photos/id/724/500/500
725,https://picsum.photos/id/725/500/500
726,https://picsum.photos/id/726/500/500
727,https://picsum.photos/id/727/500/500
728,https://picsum.photos/id/728/500/500
729,https://picsum.photos/id/729/500/500
730,https://picsum.photos/id/730/500/500
731,https://picsum.photos/id/731/500/500
732,https://picsum.photos/id/732/500/500
733,https://picsum.photos/id/733/500/500
734,https://picsum.photos/id/734/500/500
735,https://picsum.photos/id/735/500/500
736,https://picsum.photos/id/736/500/500
737,https://picsum.photos/id/737/500/500
738,https://picsum.photos/id/738/500/500
739,https://picsum.photos/id/739/500/500
740,https://picsum.photos/id/740/500/500
741,https://picsum.photos/id/741/500/500
742,https://picsum.photos/id/742/500/500
743,https://picsum.photos/id/743/500/500
744,https://picsum.photos/id/744/500/500
745,https://picsum.photos/id/745/500/500
746,https://picsum.photos/id/746/500/500
747,https://picsum.photos/id/747/500/500
748,https://picsum.photos/id/748/500/500
749,https://picsum.photos/id/749/500/500
750,https://picsum.photos/id/750/500/500
751,https://picsum.photos/id/751/500/500
752,https://picsum.photos/id/752/500/500
753,https://picsum.photos/id/753/500/500
754,https://picsum.photos/id/754/500/500
755,https://picsum.photos/id/755/500/500
756,https://picsum.photos/id/756/500/500
757,https://picsum.photos/id/757/500/500
758,https://picsum.photos/id/758/500/500
759,https://picsum.photos/id/759/500/500
760,https://picsum.photos/id/760/500/500
761,https://picsum.photos/id/761/500/500
762,https://picsum.photos/id/762/500/500
763,https://picsum.photos/id/763/500/500
764,https://picsum.photos/id/764/500/500
765,https://picsum.photos/id/765/500/500
766,https://picsum.photos/id/766/500/500
767,https://picsum.photos/id/767/500/500
768,https://picsum.photos/id/768/500/500
769,https://picsum.photos/id/769/500/500
770,https://picsum.photos/id/770/500/500
771,https://picsum.photos/id/771/500/500
772,https://picsum.photos/id/772/500/500
773,https://picsum.photos/id/773/500/500
774,https://picsum.photos/id/774/500/500
775,https://picsum.photos/id/775/500/500
776,https://picsum.photos/id/776/500/500
777,https://picsum.photos/id/777/500/500
778,https://picsum.photos/id/778/500/500
779,https://picsum.photos/id/779/500/500
780,https://picsum.photos/id/780/500/500
781,https://picsum.photos/id/781/500/500
782,https://picsum.photos/id/782/500/500
783,https://picsum.photos/id/783/500/500
784,https://picsum.photos/id/784/500/500
785,https://picsum.photos/id/785/500/500
786,https://picsum.photos/id/786/500/500
787,https://picsum.photos/id/787/500/500
788,https://picsum.photos/id/788/500/500
789,https://picsum.photos/id/789/500/500
790,https://picsum.photos/id/790/500/500
791,https://picsum.photos/id/791/500/500
792,https://picsum.photos/id/792/500/500
793,https://picsum.photos/id/793/500/500
794,https://picsum.photos/id/794/500/500
795,https://picsum.photos/id/795/500/500
796,https://picsum.photos/id/796/500/500
797,https://picsum.photos/id/797/500/500
798,https://picsum.photos/id/798/500/500
799,https://picsum.photos/id/799/500/500
800,https://picsum.photos/id/800/500/500
801,https://picsum.photos/id/801/500/500
802,https://picsum.photos/id/802/500/500
803,https://picsum.photos/id/803/500/500
804,https://picsum.photos/id/804/500/500
805,https://picsum.photos/id/805/500/500
806,https://picsum.photos/id/806/500/500
807,https://picsum.photos/id/807/500/500
808,https://picsum.photos/id/808/500/500
809,https://picsum.photos/id/809/500/500
810,https://picsum.photos/id/810/500/500
811,https://picsum.photos/id/811/500/500
812,https://picsum.photos/id/812/500/500
813,https://picsum.photos/id/813/500/500
814,https://picsum.photos/id/814/500/500
815,https://picsum.photos/id/815/500/500
816,https://picsum.photos/id/816/500/500
817,https://picsum.photos/id/817/500/500
818,https://picsum.photos/id/818/500/500
819,https://picsum.photos/id/819/500/500
820,https://picsum.photos/id/820/500/500
821,https://picsum.photos/id/821/500/500
822,https://picsum.photos/id/822/500/500
823,https://picsum.photos/id/823/500/500
824,https://picsum.photos/id/824/500/500
825,https://picsum.photos/id/825/500/500
826,https://picsum.photos/id/826/500/500
827,https://picsum.photos/id/827/500/500
828,https://picsum.photos/id/828/500/500
829,https://picsum.photos/id/829/500/500
830,https://picsum.photos/id/830/500/500
831,https://picsum.photos/id/831/500/500
832,https://picsum.photos/id/832/500/500
833,https://picsum.photos/id/833/500/500
834,https://picsum.photos/id/834/500/500
835,https://picsum.photos/id/835/500/500
836,https://picsum.photos/id/836/500/500
837,https://picsum.photos/id/837/500/500
838,https://picsum.photos/id/838/500/500
839,https://picsum.photos/id/839/500/500
840,https://picsum.photos/id/840/500/500
841,https://picsum.photos/id/841/500/500
842,https://picsum.photos/id/842/500/500
843,https://picsum.photos/id/843/500/500
844,https://picsum.photos/id/844/500/500
845,https://picsum.photos/id/845/500/500
846,https://picsum.photos/id/846/500/500
847,https://picsum.photos/id/847/500/500
848,https://picsum.photos/id/848/500/500
849,https://picsum.photos/id/849/500/500
850,https://picsum.photos/id/850/500/500
851,https://picsum.photos/id/851/500/500
852,https://picsum.photos/id/852/500/500
853,https://picsum.photos/id/853/500/500
854,https://picsum.photos/id/854/500/500
855,https://picsum.photos/id/855/500/500
856,https://picsum.photos/id/856/500/500
857,https://picsum.photos/id/857/500/500
858,https://picsum.photos/id/858/500/500
859,https://picsum.photos/id/859/500/500
860,https://picsum.photos/id/860/500/500
861,https://picsum.photos/id/861/500/500
862,https://picsum.photos/id/862/500/500
863,https://picsum.photos/id/863/500/500
864,https://picsum.photos/id/864/500/500
865,https://picsum.photos/id/865/500/500
866,https://picsum.photos/id/866/500/500
867,https://picsum.photos/id/867/500/500
868,https://picsum.photos/id/868/500/500
869,https://picsum.photos/id/869/500/500
870,https://picsum.photos/id/870/500/500
871,https://picsum.photos/id/871/500/500
872,https://picsum.photos/id/872/500/500
873,https://picsum.photos/id/873/500/500
874,https://picsum.photos/id/874/500/500
875,https://picsum.photos/id/875/500/500
876,https://picsum.photos/id/876/500/500
877,https://picsum.photos/id/877/500/500
878,https://picsum.photos/id/878/500/500
879,https://picsum.photos/id/879/500/500
880,https://picsum.photos/id/880/500/500
881,https://picsum.photos/id/881/500/500
882,https://picsum.photos/id/882/500/500
883,https://picsum.photos/id/883/500/500
884,https://picsum.photos/id/884/500/500
885,https://picsum.photos/id/885/500/500
886,https://picsum.photos/id/886/500/500
887,https://picsum.photos/id/887/500/500
888,https://picsum.photos/id/888/500/500
889,https://picsum.photos/id/889/500/500
890,https://picsum.photos/id/890/500/500
891,https://picsum.photos/id/891/500/500
892,https://picsum.photos/id/892/500/500
893,https://picsum.photos/id/893/500/500
894,https://picsum.photos/id/894/500/500
895,https://picsum.photos/id/895/500/500
896,https://picsum.photos/id/896/500/500
897,https://picsum.photos/id/897/500/500
898,https://picsum.photos/id/898/500/500
899,https://picsum.photos/id/899/500/500
900,https://picsum.photos/id/900/500/500
901,https://picsum.photos/id/901/500/500
902,https://picsum.photos/id/902/500/500
903,https://picsum.photos/id/903/500/500
904,https://picsum.photos/id/904/500/500
905,https://picsum.photos/id/905/500/500
906,https://picsum.photos/id/906/500/500
907,https://picsum.photos/id/907/500/500
908,https://picsum.photos/id/908/500/500
909,https://picsum.photos/id/909/500/500
910,https://picsum.photos/id/910/500/500
911,https://picsum.photos/id/911/500/500
912,https://picsum.photos/id/912/500/500
913,https://picsum.photos/id/913/500/500
914,https://picsum.photos/id/914/500/500
915,https://picsum.photos/id/915/500/500
916,https://picsum.photos/id/916/500/500
917,https://picsum.photos/id/917/500/500
918,https://picsum.photos/id/918/500/500
919,https://picsum.photos/id/919/500/500
920,https://picsum.photos/id/920/500/500
921,https://picsum.photos/id/921/500/500
922,https://picsum.photos/id/922/500/500
923,https://picsum.photos/id/923/500/500
924,https://picsum.photos/id/924/500/500
925,https://picsum.photos/id/925/500/500
926,https://picsum.photos/id/926/500/500
927,https://picsum.photos/id/927/500/500
928,https://picsum.photos/id/928/500/500
929,https://picsum.photos/id/929/500/500
930,https://picsum.photos/id/930/500/500
931,https://picsum.photos/id/931/500/500
932,https://picsum.photos/id/932/500/500
933,https://picsum.photos/id/933/500/500
934,https://picsum.photos/id/934/500/500
935,https://picsum.photos/id/935/500/500
936,https://picsum.photos/id/936/500/500
937,https://picsum.photos/id/937/500/500
938,https://picsum.photos/id/938/500/500
939,https://picsum.photos/id/939/500/500
940,https://picsum.photos/id/940/500/500
941,https://picsum.photos/id/941/500/500
942,https://picsum.photos/id/942/500/500
943,https://picsum.photos/id/943/500/500
944,https://picsum.photos/id/944/500/500
945,https://picsum.photos/id/945/500/500
946,https://picsum.photos/id/946/500/500
947,https://picsum.photos/id/947/500/500
948,https://picsum.photos/id/948/500/500
949,https://picsum.photos/id/949/500/500
950,https://picsum.photos/id/950/500/500
951,https://picsum.photos/id/951/500/500
952,https://picsum.photos/id/952/500/500
953,https://picsum.photos/id/953/500/500
954,https://picsum.photos/id/954/500/500
955,https://picsum.photos/id/955/500/500
956,https://picsum.photos/id/956/500/500
957,https://picsum.photos/id/957/500/500
958,https://picsum.photos/id/958/500/500
959,https://picsum.photos/id/959/500/500
960,https://picsum.photos/id/960/500/500
961,https://picsum.photos/id/961/500/500
962,https://picsum.photos/id/962/500/500
963,https://picsum.photos/id/963/500/500
964,https://picsum.photos/id/964/500/500
965,https://picsum.photos/id/965/500/500
966,https://picsum.photos/id/966/500/500
967,https://picsum.photos/id/967/500/500
968,https://picsum.photos/id/968/500/500
969,https://picsum.photos/id/969/500/500
970,https://picsum.photos/id/970/500/500
971,https://picsum.photos/id/971/500/500
972,https://picsum.photos/id/972/500/500
973,https://picsum.photos/id/973/500/500
974,https://picsum.photos/id/974/500/500
975,https://picsum.photos/id/975/500/500
976,https://picsum.photos/id/976/500/500
977,https://picsum.photos/id/977/500/500
978,https://picsum.photos/id/978/500/500
979,https://picsum.photos/id/979/500/500
980,https://picsum.photos/id/980/500/500
981,https://picsum.photos/id/981/500/500
982,https://picsum.photos/id/982/500/500
983,https://picsum.photos/id/983/500/500
984,https://picsum.photos/id/984/500/500
985,https://picsum.photos/id/985/500/500
986,https://picsum.photos/id/986/500/500
987,https://picsum.photos/id/987/500/500
988,https://picsum.photos/id/988/500/500
989,https://picsum.photos/id/989/500/500
990,https://picsum.photos/id/990/500/500
991,https://picsum.photos/id/991/500/500
992,https://picsum.photos/id/992/500/500
993,https://picsum.photos/id/993/500/500
994,https://picsum.photos/id/994/500/500
995,https://picsum.photos/id/995/500/500
996,https://picsum.photos/id/996/500/500
997,https://picsum.photos/id/997/500/500
998,https://picsum.photos/id/998/500/500
999,https://picsum.photos/id/999/500/500
1000,https://picsum.photos/id/1000/500/500
